ID,Date,Source,Message,Département,Anonymisé,Message_cleaned
1,2024-11-11,Slack,Director age stay catch home.,Production,Oui,director age stay catch home
2,2024-04-24,Teams,Maintain hand sing will buy administration mention.,Ventes,Oui,maintain hand sing buy administration
3,2025-01-09,Email,Culture daughter many nation catch under moment.,Finance,Oui,culture daughter many catch
4,2024-08-10,Email,Participant finally collection nearly simple development.,IT,Oui,participant finally collection nearly simple development
5,2024-04-22,Email,Thank body big act mother so air.,Production,Oui,thank body big act mother air
6,2025-01-24,Slack,Instead however his.,RH,Oui,instead however
7,2024-08-25,Teams,Group property challenge military.,Ventes,Oui,group property challenge military
8,2024-07-19,Teams,Live decision air ok try continue.,Ventes,Oui,live decision air ok try continue
9,2024-07-11,Teams,Any check ever drug pick.,Ventes,Oui,any check ever drug pick
10,2024-07-11,Slack,Free teach skin drive military song seek.,Production,Oui,free teach skin drive military song seek
11,2024-03-07,Teams,Start animal appear.,Marketing,Oui,start animal appear
12,2024-09-26,Teams,Room laugh per industry opportunity program two nearly.,Production,Oui,room laugh per opportunity program two nearly
13,2024-06-28,Email,Gun community remember we.,Finance,Oui,gun community remember
14,2024-06-19,Teams,Imagine happy ground market note gas government.,Production,Oui,imagine happy ground note gas government
15,2024-09-29,Email,Area court take guy long.,RH,Oui,area court take guy long
16,2024-12-18,Teams,Democrat fast together training look.,Marketing,Oui,democrat fast together training look
17,2024-07-01,Slack,Church bar anything out hotel operation name.,Marketing,Oui,church bar anything hotel operation name
18,2024-03-26,Email,Public trade trouble fast.,Marketing,Oui,public trade trouble fast
19,2024-04-27,Email,Of middle prevent rule whole.,Marketing,Oui,of middle prevent rule whole
20,2025-02-14,Email,Land measure take discussion from study single save.,Marketing,Oui,land measure take discussion from study single save
21,2024-08-30,Slack,Collection call data rise economy dinner.,RH,Oui,collection call datum rise dinner
22,2024-03-16,Email,So feeling without market both.,Finance,Oui,feeling without both
23,2024-05-05,Teams,Begin enjoy certain economy dinner certainly million.,Marketing,Oui,begin enjoy certain dinner certainly
24,2024-12-30,Email,Thank yourself eat level price.,Ventes,Oui,thank yourself eat level price
25,2024-10-05,Teams,Church option year pretty example.,Ventes,Oui,church option year pretty example
26,2024-03-11,Email,Case property second act that young treatment.,IT,Oui,case property act young treatment
27,2024-03-08,Email,Energy six source.,IT,Oui,energy six source
28,2025-01-19,Teams,Almost energy parent so act.,RH,Oui,almost energy act
29,2025-01-29,Email,Shoulder try visit.,IT,Oui,shoulder try visit
30,2024-10-21,Slack,That these again region seat.,Ventes,Oui,region seat
31,2024-08-25,Email,Above far recognize with.,RH,Oui,above recognize
32,2024-11-12,Email,Far back choose center design his all about.,IT,Oui,back choose center design all
33,2024-10-25,Teams,Important position sound then provide feel.,Marketing,Oui,important position sound provide feel
34,2024-12-22,Email,End key tell training.,RH,Oui,end key tell training
35,2024-07-13,Teams,Quality theory and worry fall lead pay.,Marketing,Oui,quality theory worry fall lead pay
36,2024-04-21,Slack,Trade major bag together development PM.,IT,Oui,trade major bag together development pm
37,2024-07-29,Email,Evening movie wall write man include while.,Finance,Oui,evening movie wall write man while
38,2024-08-05,Slack,Top one mother seven stock successful.,Ventes,Oui,top one mother seven successful
39,2025-02-04,Teams,Tv suffer challenge single it theory age catch.,Marketing,Oui,tv suffer challenge single theory age catch
40,2024-02-27,Slack,Certain such owner throughout color room.,Marketing,Oui,certain such owner throughout color room
41,2024-05-06,Slack,Tv eye high role maintain born industry.,Marketing,Oui,tv eye high role maintain bear
42,2024-04-20,Slack,Last meet determine law majority myself result.,Marketing,Oui,last meet determine law majority myself result
43,2024-09-03,Slack,Particularly maintain dream almost new student hundred.,IT,Oui,particularly maintain dream almost new student hundred
44,2024-06-26,Teams,Number play popular performance remain senior.,Ventes,Oui,number play popular performance remain senior
45,2024-05-30,Teams,Rather about over song happy whole thus.,Finance,Oui,rather song happy whole thus
46,2024-07-14,Teams,Fly play dark war west outside research.,Ventes,Oui,fly play dark war west outside research
47,2024-05-10,Teams,Choose somebody within set out other.,Marketing,Oui,choose somebody within set other
48,2024-12-24,Email,Leader record summer central back study since also.,Ventes,Oui,leader record summer central back study since also
49,2024-09-23,Email,Rise get glass when article.,RH,Oui,rise get glass when article
50,2024-08-26,Email,Yes million why fall forward.,Marketing,Oui,yes why fall forward
51,2024-03-04,Teams,Money agree yard sea.,IT,Oui,money agree yard sea
52,2024-05-05,Teams,Join thank out medical likely various majority itself.,RH,Oui,join thank medical likely various majority itself
53,2024-11-22,Slack,Six occur stock fish seem.,Finance,Oui,six occur fish seem
54,2024-05-10,Email,Economy nature choose whatever could.,Marketing,Oui,nature choose whatever
55,2024-11-11,Slack,Baby describe minute look east dog.,Ventes,Oui,baby describe minute look east dog
56,2024-12-14,Teams,Western raise born live in official that.,RH,Oui,western raise bear live official
57,2024-08-12,Email,Entire security month card lead together away.,Ventes,Oui,entire security month card lead together away
58,2024-08-22,Email,Executive three page choice real none product.,Ventes,Oui,executive three page choice real none product
59,2024-04-01,Email,Beyond blue else she end rate already.,IT,Oui,beyond blue else end rate
60,2024-06-14,Teams,Generation reveal in factor so early.,Finance,Oui,generation reveal factor early
61,2024-02-19,Teams,Local which who write.,IT,Oui,local which who write
62,2024-08-03,Slack,Budget where talk lead think system.,Ventes,Oui,budget where talk lead think system
63,2024-02-25,Email,Inside a list across situation moment ready.,Ventes,Oui,inside list across situation ready
64,2024-10-07,Slack,Court effect really six share.,IT,Oui,court effect really six share
65,2024-07-04,Teams,Buy five whether require.,Finance,Oui,buy five whether require
66,2024-07-03,Teams,Enter financial pretty easy.,RH,Oui,enter financial pretty easy
67,2024-12-06,Email,Pretty general arm where.,Marketing,Oui,pretty arm where
68,2025-01-15,Email,Upon after reveal democratic watch away possible.,Finance,Oui,upon after reveal democratic watch away possible
69,2024-06-24,Email,High cause interesting least view old ago.,IT,Oui,high cause interesting least view old ago
70,2025-01-31,Slack,From major hundred strategy case success stand.,IT,Oui,from major hundred strategy case success stand
71,2024-11-23,Slack,Situation community edge door.,Ventes,Oui,situation community edge door
72,2024-12-30,Slack,Stuff detail here.,Finance,Oui,stuff detail here
73,2024-03-19,Teams,Fast medical as loss politics middle soldier.,Ventes,Oui,fast medical as loss politic middle soldier
74,2024-10-15,Email,President over growth plant class so.,Production,Oui,president growth plant class
75,2024-06-29,Email,Half wait claim cell special news family.,Finance,Oui,half wait claim cell special news family
76,2025-01-09,Teams,Although rise according question report color.,Marketing,Oui,although rise accord question report color
77,2024-05-16,Teams,Test state while method benefit.,RH,Oui,test state while method benefit
78,2024-11-15,Email,Follow mention effort many maintain enjoy.,RH,Oui,follow effort many maintain enjoy
79,2025-02-16,Email,City line parent compare attack several likely.,Ventes,Oui,city line compare attack several likely
80,2024-11-12,Slack,Personal base take discover section explain then result.,RH,Oui,personal base take discover section explain result
81,2025-01-02,Teams,Purpose new popular writer.,RH,Oui,purpose new popular writer
82,2024-09-22,Slack,Although use focus side.,IT,Oui,although use focus side
83,2024-05-11,Slack,Sea market break law.,RH,Oui,sea break law
84,2024-05-27,Slack,Sometimes difficult move finally less prepare.,IT,Oui,sometimes difficult move finally less prepare
85,2024-11-26,Slack,Three on thought.,Ventes,Oui,three thought
86,2024-11-07,Email,Play film identify expert environmental.,Finance,Oui,play film identify expert environmental
87,2024-03-02,Slack,Education debate ground war low sometimes.,RH,Oui,debate ground war low sometimes
88,2024-11-04,Email,Middle movement article risk quickly able phone.,Marketing,Oui,middle movement article risk able phone
89,2024-08-20,Email,Even sea degree gun weight dinner which quality.,Ventes,Oui,even sea degree gun weight dinner which quality
90,2024-06-16,Teams,Security market cold house peace friend or.,Production,Oui,security cold house peace friend
91,2024-07-11,Email,Natural need song.,Finance,Oui,natural need song
92,2024-05-15,Teams,Shake occur economy together push teach.,Marketing,Oui,shake occur together push teach
93,2024-04-11,Teams,Career send movement stay prove resource heart realize.,Ventes,Oui,career send movement stay prove resource heart realize
94,2024-12-10,Email,Movement measure travel stock western speech.,Marketing,Oui,movement measure travel western speech
95,2024-09-23,Teams,Herself fact condition democratic.,IT,Oui,herself fact condition democratic
96,2025-02-11,Slack,Particular movie early message line federal from.,Marketing,Oui,particular movie early message line federal from
97,2024-11-16,Slack,We second serious decision scientist.,Finance,Oui,serious decision scientist
98,2024-10-27,Slack,Continue up thus soon.,Finance,Oui,continue up thus
99,2024-10-15,Teams,Usually modern century ask.,Production,Oui,usually modern century ask
100,2024-05-16,Email,Time officer serious worry different.,RH,Oui,time officer serious worry different
101,2024-08-02,Teams,Themselves nation house who.,Production,Oui,themselves house who
102,2024-09-19,Slack,Conference police civil service model.,RH,Oui,conference police civil service model
103,2025-01-23,Email,General bed design despite increase I.,Marketing,Oui,bed design despite increase
104,2024-07-17,Email,Ahead occur choose himself major close claim culture.,RH,Oui,ahead occur choose himself major close claim culture
105,2024-07-11,Email,Right evening network.,Production,Oui,right evening network
106,2024-03-10,Teams,Good rest drug woman worker security since.,RH,Oui,good rest drug woman worker security since
107,2024-05-12,Slack,Firm market what activity work fund.,Production,Oui,firm what activity work fund
108,2025-01-23,Slack,Activity thank walk go.,Finance,Oui,activity thank walk go
109,2024-07-10,Email,Best collection seat already idea race seem.,Marketing,Oui,good collection seat idea race seem
110,2024-10-09,Email,Care focus clear performance soon window issue.,Finance,Oui,care focus clear performance window issue
111,2024-11-18,Teams,Style cost play.,Ventes,Oui,style cost play
112,2024-11-18,Email,Beautiful this kind easy.,IT,Oui,beautiful kind easy
113,2024-04-04,Teams,Performance past direction amount draw business impact.,Ventes,Oui,performance past direction amount draw business impact
114,2024-03-04,Slack,Cultural nothing worry available stand.,Finance,Oui,cultural nothing worry available stand
115,2024-06-16,Slack,Able life option second natural.,Ventes,Oui,able life option natural
116,2024-07-06,Slack,Season young daughter experience information much deep.,Marketing,Oui,season young daughter experience information much deep
117,2024-04-17,Slack,Establish floor garden start six.,Marketing,Oui,establish floor garden start six
118,2024-03-27,Email,Pull camera watch list.,Finance,Oui,pull camera watch list
119,2024-04-03,Teams,Trial red star ready.,Marketing,Oui,trial red star ready
120,2024-12-15,Email,Exactly last person he under card.,Production,Oui,exactly last person card
121,2024-04-11,Slack,Possible boy store word change.,Ventes,Oui,possible boy store word change
122,2025-01-31,Email,Discussion candidate build provide responsibility.,IT,Oui,discussion candidate build provide responsibility
123,2024-06-28,Teams,Help maybe lose test player.,Finance,Oui,help maybe lose test player
124,2024-04-22,Email,Throughout ok friend born factor wrong eight throw.,Marketing,Oui,throughout ok friend bear factor wrong eight throw
125,2024-03-05,Slack,Imagine service series positive research thus compare me.,Ventes,Oui,imagine service series positive research thus compare
126,2024-07-02,Slack,Parent serious rich go bring rise foreign.,Ventes,Oui,serious rich go bring rise foreign
127,2024-08-20,Teams,Girl talk understand but again natural.,Production,Oui,girl talk understand natural
128,2024-11-10,Email,Near sing second human draw space describe director.,IT,Oui,near sing human draw space describe director
129,2024-10-10,Email,Per position reflect final argue hot.,RH,Oui,per position reflect final argue hot
130,2024-12-09,Email,Serve know nothing music.,Ventes,Oui,serve know nothing music
131,2024-03-08,Slack,Window artist southern finish plan century.,Marketing,Oui,window artist southern finish plan century
132,2024-03-26,Teams,Executive friend our job.,RH,Oui,executive friend job
133,2024-08-12,Teams,Anyone however mean treatment war.,Production,Oui,anyone however mean treatment war
134,2024-07-29,Email,Surface plan meeting ok fight.,Production,Oui,surface plan meet ok fight
135,2024-09-14,Email,Conference owner simply research.,Finance,Oui,conference owner simply research
136,2024-09-18,Email,A Republican race hard agency change race happy.,Production,Oui,republican race hard agency change race happy
137,2024-07-24,Slack,Nothing conference crime budget doctor forward.,Ventes,Oui,nothing conference crime budget doctor forward
138,2024-10-17,Email,Attention responsibility possible expect public break peace.,IT,Oui,attention responsibility possible expect public break peace
139,2024-08-11,Teams,Color occur artist foot participant notice.,Ventes,Oui,color occur artist foot participant notice
140,2024-11-17,Teams,Leave kind though.,Marketing,Oui,leave kind though
141,2024-03-21,Email,Cup available side pass board pull.,Production,Oui,cup available side pass board pull
142,2024-03-03,Slack,Rather brother success benefit feeling table.,Marketing,Oui,rather brother success benefit feel table
143,2024-03-14,Email,Past stay always economy common resource.,Production,Oui,past stay always common resource
144,2024-06-25,Email,Goal create ok check significant.,Production,Oui,goal create ok check significant
145,2024-05-10,Email,Write wait feeling million politics water trouble soldier.,RH,Oui,write wait feel politic water trouble soldier
146,2024-12-06,Email,Sure huge education lose.,IT,Oui,sure huge lose
147,2024-07-29,Slack,Statement anyone unit long.,Production,Oui,statement anyone unit long
148,2025-01-24,Email,Song meeting north hope form day.,RH,Oui,song meeting north hope form day
149,2024-09-06,Slack,Teach idea imagine form book end.,Production,Oui,teach idea imagine form book end
150,2024-02-28,Slack,Citizen son stuff somebody southern guy four.,Ventes,Oui,citizen son stuff somebody southern guy four
151,2024-08-30,Email,Beautiful its win rate boy fight worry.,Finance,Oui,beautiful its win rate boy fight worry
152,2024-10-25,Slack,Within itself there investment.,Finance,Oui,within itself there investment
153,2024-12-12,Email,Hot along the.,Marketing,Oui,hot along
154,2024-07-31,Email,Leave team court go point relationship.,Production,Oui,leave team court go point relationship
155,2024-09-21,Email,Member decide a close feel.,Finance,Oui,member decide close feel
156,2024-03-09,Slack,Appear specific wish health world.,IT,Oui,appear specific wish health world
157,2024-04-25,Slack,Within study might if.,RH,Oui,within study
158,2025-01-04,Teams,Natural which just minute challenge building officer that.,IT,Oui,natural which minute challenge building officer
159,2024-02-29,Email,Industry lawyer size whatever.,IT,Oui,lawyer size whatever
160,2024-04-12,Email,You now upon standard raise teach him million.,IT,Oui,now upon standard raise teach
161,2024-12-01,Slack,Number green contain career none create.,Production,Oui,number green contain career none create
162,2024-03-21,Teams,Wear full wrong over win.,Finance,Oui,wear full wrong win
163,2024-08-03,Email,Hold mind cost tree eye.,Production,Oui,hold mind cost tree eye
164,2024-08-28,Slack,Wonder bill recognize.,RH,Oui,wonder bill recognize
165,2024-12-04,Slack,Traditional task society heart resource find participant.,IT,Oui,traditional task society heart resource find participant
166,2024-03-17,Slack,Road else apply authority seat including.,Marketing,Oui,road else apply authority seat include
167,2025-02-01,Teams,Series condition hard work wear indicate spring.,Marketing,Oui,series condition hard work wear indicate spring
168,2024-05-15,Slack,If set economic future.,RH,Oui,set economic future
169,2024-07-16,Slack,Black hot according two score attack.,Marketing,Oui,black hot accord two score attack
170,2024-07-18,Slack,Project forget pull myself behind strategy tree.,Finance,Oui,project forget pull myself behind strategy tree
171,2024-12-22,Slack,Turn last parent attention couple miss.,RH,Oui,turn last attention couple miss
172,2024-03-05,Slack,Left break enough.,RH,Oui,leave break enough
173,2024-04-09,Email,Investment authority truth board close physical.,IT,Oui,investment authority truth board close physical
174,2024-06-07,Teams,Apply happen hospital.,RH,Oui,apply happen hospital
175,2024-11-23,Email,Price project scene environment be wait.,Ventes,Oui,price project scene environment wait
176,2024-03-04,Email,Quickly into tend.,Finance,Oui,tend
177,2025-01-05,Teams,Establish within themselves newspaper war partner size might.,Ventes,Oui,establish within themselves newspaper war partner size
178,2025-02-15,Email,Hear cup begin three positive.,Production,Oui,hear cup begin three positive
179,2024-04-13,Email,Career season but yeah Republican learn.,Marketing,Oui,career season yeah republican learn
180,2024-05-03,Slack,Piece season range eight production for.,IT,Oui,piece season range eight production for
181,2024-05-13,Slack,Responsibility play customer bad interview name student.,Marketing,Oui,responsibility play customer bad interview name student
182,2024-11-13,Slack,Seven policy soon behavior paper society word.,RH,Oui,seven policy behavior paper society word
183,2025-01-24,Teams,Act truth option leg against.,Ventes,Oui,act truth option leg
184,2024-11-09,Slack,Production effort child apply.,IT,Oui,production effort child apply
185,2024-06-07,Teams,Education unit various brother subject serious may.,Marketing,Oui,unit various brother subject serious
186,2024-04-25,Teams,Score quickly popular no.,Finance,Oui,score popular no
187,2024-12-28,Slack,Daughter new couple attack.,IT,Oui,daughter new couple attack
188,2024-08-24,Teams,Grow long plan peace paper season.,Ventes,Oui,grow long plan peace paper season
189,2024-12-27,Slack,Class stuff recent do federal six raise.,Finance,Oui,class stuff recent do federal six raise
190,2025-01-26,Teams,Nice allow set claim answer share.,Finance,Oui,nice set claim answer share
191,2024-04-30,Slack,Economy follow huge age sort.,Production,Oui,follow huge age sort
192,2024-11-21,Slack,Yourself thought people music know along.,Finance,Oui,yourself think people music know along
193,2024-04-20,Slack,Learn market herself from middle relate.,Finance,Oui,learn herself from middle relate
194,2024-05-10,Teams,Arm will natural challenge.,Ventes,Oui,arm natural challenge
195,2024-10-23,Email,Democratic man character edge language dream through street.,Production,Oui,democratic man character edge language dream street
196,2024-03-11,Slack,Training soon drug huge worry close huge.,Ventes,Oui,train drug huge worry close huge
197,2024-07-08,Email,Name when behavior television baby bar.,RH,Oui,name when behavior television baby bar
198,2024-07-10,Email,Any but majority between into loss teacher.,Ventes,Oui,any majority loss teacher
199,2024-04-10,Teams,Everybody test hospital customer determine.,IT,Oui,everybody test hospital customer determine
200,2024-05-18,Email,Oil other throw agent sure old.,Finance,Oui,oil other throw agent sure old
201,2024-10-18,Slack,They local young.,Finance,Oui,local young
202,2024-05-04,Email,Lot floor city these development remember either.,IT,Oui,lot floor city development remember either
203,2024-02-27,Email,Fill road story state.,IT,Oui,fill road story state
204,2024-12-02,Email,Save medical school partner think research its.,Finance,Oui,save medical school partner think research its
205,2024-11-05,Email,Approach short during fine might.,Ventes,Oui,approach short during fine
206,2024-05-15,Slack,Star stuff person bill issue nation.,IT,Oui,star stuff person bill issue
207,2024-05-08,Teams,Beautiful even whom fight shoulder north attack.,Ventes,Oui,beautiful even whom fight shoulder north attack
208,2024-02-25,Slack,Nor high firm without center Democrat.,RH,Oui,nor high firm without center democrat
209,2025-01-16,Email,Fund safe education positive work.,Finance,Oui,fund safe positive work
210,2024-06-28,Slack,Officer produce range finally room.,Marketing,Oui,officer produce range finally room
211,2024-04-28,Teams,Although after new sense product six between.,RH,Oui,although after new sense product six
212,2024-11-23,Email,Sing threat game this.,Finance,Oui,sing threat game
213,2024-11-05,Email,Of hold skin card suggest player reality eat.,Ventes,Oui,of hold skin card suggest player reality eat
214,2024-05-27,Teams,After support born hope.,RH,Oui,after support bear hope
215,2024-12-14,Email,Low itself soldier subject professional speech.,Marketing,Oui,low itself soldier subject professional speech
216,2024-06-28,Teams,Magazine former may white answer describe get education.,Marketing,Oui,magazine former white answer describe get
217,2025-02-10,Slack,Type level individual sit teacher third cell.,Production,Oui,type level individual sit teacher third cell
218,2024-12-08,Teams,Whole pull just before.,Production,Oui,whole pull before
219,2025-01-17,Teams,Piece bar loss.,Marketing,Oui,piece bar loss
220,2024-12-29,Slack,Marriage push shake hour leg feeling hear.,Marketing,Oui,marriage push shake hour leg feeling hear
221,2024-04-14,Email,Policy exist boy beyond quickly different message.,IT,Oui,policy exist boy beyond different message
222,2024-03-15,Email,Like down side set feel physical blood.,RH,Oui,like down side set feel physical blood
223,2024-04-05,Slack,At heavy parent method system economic mean whether.,IT,Oui,heavy method system economic mean whether
224,2024-11-25,Email,Film necessary pass forget send democratic ready.,Production,Oui,film necessary pass forget send democratic ready
225,2024-10-17,Email,General a trouble production.,Marketing,Oui,trouble production
226,2024-02-28,Slack,Picture idea six Democrat general oil.,Finance,Oui,picture idea six democrat oil
227,2024-12-28,Email,Argue seek memory line run carry.,Production,Oui,argue seek memory line run carry
228,2024-02-23,Slack,Hotel generation concern three man.,Production,Oui,hotel generation concern three man
229,2025-01-31,Email,Indicate nation five administration.,IT,Oui,indicate five administration
230,2024-07-04,Slack,Thing west bit hear interesting about per.,RH,Oui,thing west bit hear interesting per
231,2024-02-20,Slack,Travel why apply end.,Marketing,Oui,travel why apply end
232,2024-09-09,Slack,Including fast discuss coach his.,Marketing,Oui,include fast discuss coach
233,2024-03-30,Slack,Notice value reduce stand sign.,Ventes,Oui,notice value reduce stand sign
234,2024-03-12,Email,View age when stock along anyone.,Marketing,Oui,view age when along anyone
235,2024-03-19,Teams,Tend station interest manager time.,Marketing,Oui,tend station interest manager time
236,2024-11-20,Teams,Music call those group natural.,Production,Oui,music call group natural
237,2024-03-30,Email,Key describe agent hand media.,Production,Oui,key describe agent hand medium
238,2024-04-20,Slack,Team institution reality letter matter far.,RH,Oui,team institution reality letter matter
239,2024-05-08,Slack,Ready generation prevent if fish their exactly.,Production,Oui,ready generation prevent fish exactly
240,2024-11-10,Slack,Stay law whose surface should firm animal.,Marketing,Oui,stay law whose surface firm animal
241,2024-10-03,Slack,Create different debate.,Ventes,Oui,create different debate
242,2024-07-26,Email,Magazine take soon here assume.,RH,Oui,magazine take here assume
243,2024-12-12,Slack,Perhaps military increase east former.,Ventes,Oui,perhaps military increase east former
244,2024-12-01,Slack,Give nature film should reason end well.,Production,Oui,give nature film reason end well
245,2024-03-30,Teams,Western series less wall.,IT,Oui,western series less wall
246,2024-07-02,Teams,There avoid high make necessary.,Marketing,Oui,there avoid high make necessary
247,2024-09-27,Teams,Dog three picture type partner care letter toward.,Production,Oui,dog three picture type partner care letter toward
248,2024-11-13,Teams,Discover health project.,RH,Oui,discover health project
249,2024-11-15,Teams,Rich marriage during street program.,Marketing,Oui,rich marriage during street program
250,2024-03-20,Slack,Wonder staff across.,RH,Oui,wonder staff across
251,2024-11-02,Teams,Idea just camera subject.,RH,Oui,idea camera subject
252,2024-07-25,Email,Well street baby your anything modern many.,Ventes,Oui,well street baby anything modern many
253,2024-10-17,Email,Edge second rich theory.,RH,Oui,edge rich theory
254,2024-10-10,Email,Who hope black operation pretty.,IT,Oui,who hope black operation pretty
255,2024-06-05,Slack,Job put debate media.,Ventes,Oui,job put debate medium
256,2024-10-19,Teams,Without federal film million score.,Finance,Oui,without federal film score
257,2024-09-20,Slack,Join place evening want property all business least.,Finance,Oui,join place evening want property all business least
258,2024-03-31,Email,Government she plan stock.,Ventes,Oui,government plan
259,2024-07-02,Teams,Campaign debate lose.,Marketing,Oui,campaign debate lose
260,2024-04-25,Teams,Sign world help today.,Ventes,Oui,sign world help today
261,2024-06-09,Slack,Case matter throw activity matter.,Finance,Oui,case matter throw activity matter
262,2024-08-31,Email,Think health environmental throughout method himself grow.,Ventes,Oui,think health environmental throughout method himself grow
263,2024-09-15,Slack,Him sort able easy.,RH,Oui,sort able easy
264,2025-01-20,Email,Process no enter above.,Finance,Oui,process no enter above
265,2024-04-26,Teams,Skill magazine sell respond answer lot.,Marketing,Oui,skill magazine sell respond answer lot
266,2024-06-01,Teams,Event purpose too knowledge prepare point.,IT,Oui,event purpose too knowledge prepare point
267,2025-02-08,Email,Most need teacher happy he personal.,RH,Oui,most need teacher happy personal
268,2024-10-19,Slack,Mind wonder mind out hot billion performance.,IT,Oui,mind wonder mind hot billion performance
269,2024-09-24,Slack,Officer almost say woman record attack.,Production,Oui,officer almost say woman record attack
270,2024-04-09,Teams,Behavior direction become west notice yes.,Marketing,Oui,behavior direction become west notice yes
271,2025-01-11,Teams,Mind say only billion catch.,RH,Oui,mind say only billion catch
272,2024-10-18,Teams,Year rate pressure near security hold.,RH,Oui,year rate pressure near security hold
273,2024-08-24,Slack,Base trouble color skin huge write drug.,Ventes,Oui,base trouble color skin huge write drug
274,2024-06-21,Teams,Participant film raise response boy week.,Ventes,Oui,participant film raise response boy week
275,2024-02-28,Slack,Area standard education impact expert.,Production,Oui,area standard impact expert
276,2024-04-11,Teams,War standard recognize yeah night.,Production,Oui,war standard recognize yeah night
277,2024-11-22,Email,Huge agreement especially something professional situation effect.,Ventes,Oui,huge agreement especially something professional situation effect
278,2024-12-29,Email,Take carry range evening own.,IT,Oui,take carry range evening own
279,2024-08-25,Email,Suddenly season assume expect imagine expect whole.,Finance,Oui,suddenly season assume expect imagine expect whole
280,2024-12-14,Slack,Strategy if analysis board.,Marketing,Oui,strategy analysis board
281,2024-04-02,Teams,Real market speech radio sense wall drug through.,Production,Oui,real speech radio sense wall drug
282,2024-08-17,Slack,Employee do of international attack item within.,RH,Oui,employee do of international attack item within
283,2024-12-16,Email,Age thought dark local house.,Marketing,Oui,age think dark local house
284,2024-05-20,Email,Miss me whom cell.,Marketing,Oui,miss whom cell
285,2025-02-14,Teams,Word night yeah nation help.,Ventes,Oui,word night yeah help
286,2024-05-03,Email,Drive moment receive as consumer great.,RH,Oui,drive receive as consumer great
287,2024-05-31,Teams,Practice peace dinner protect consider already a media.,Ventes,Oui,practice peace dinner protect consider medium
288,2024-08-05,Email,Well just specific western on despite wear.,RH,Oui,well specific western despite wear
289,2024-08-30,Teams,Seem story boy myself including.,Marketing,Oui,seem story boy myself include
290,2024-04-26,Teams,Sister out alone adult might.,Ventes,Oui,sister alone adult
291,2024-11-07,Slack,Relationship indicate which fight deal.,Finance,Oui,relationship indicate which fight deal
292,2024-12-13,Slack,Certainly of everything machine support western.,Ventes,Oui,certainly of everything machine support western
293,2024-11-23,Email,Summer often team similar country.,Ventes,Oui,summer often team similar country
294,2025-02-14,Slack,Your direction top.,Ventes,Oui,direction top
295,2024-11-20,Email,North face customer although either before.,Finance,Oui,north face customer although either before
296,2025-02-15,Teams,Large model collection your development reveal.,Marketing,Oui,large model collection development reveal
297,2024-09-30,Slack,Significant want instead hold draw.,Finance,Oui,significant want instead hold draw
298,2024-09-29,Slack,Fear analysis drop song.,Production,Oui,fear analysis drop song
299,2024-06-23,Slack,Baby fight important hit.,Finance,Oui,baby fight important hit
300,2024-07-28,Email,Sign other remain American blue.,Ventes,Oui,sign other remain american blue
301,2024-04-29,Teams,Environmental news like again.,Finance,Oui,environmental news like
302,2024-12-24,Email,Finish school system teacher again rather.,IT,Oui,finish school system teacher rather
303,2024-07-12,Email,Partner here contain court serve.,RH,Oui,partner here contain court serve
304,2024-05-27,Teams,Quality growth recently coach allow black chair.,Finance,Oui,quality growth recently coach black chair
305,2024-10-26,Slack,Behind too why simple.,Marketing,Oui,behind too why simple
306,2024-04-06,Email,Serious even civil on.,Production,Oui,serious even civil
307,2024-09-23,Slack,Seem rest group green law necessary.,RH,Oui,seem rest group green law necessary
308,2024-07-15,Email,Fund page even any somebody if red sea.,IT,Oui,fund page even any somebody red sea
309,2025-02-02,Slack,He indeed she tax any wide student decide.,Ventes,Oui,indeed tax any wide student decide
310,2025-02-01,Email,Raise consider line meeting artist prevent general.,Ventes,Oui,raise consider line meeting artist prevent
311,2024-09-10,Slack,Form like increase already to.,RH,Oui,form like increase to
312,2024-07-02,Email,Garden decide window above truth.,Ventes,Oui,garden decide window above truth
313,2024-07-10,Slack,Fund company establish Congress live dark.,Marketing,Oui,fund company establish congress live dark
314,2024-06-08,Slack,Hear rule point board design suddenly.,Production,Oui,hear rule point board design suddenly
315,2025-01-29,Email,Method seek will include win once.,Marketing,Oui,method seek win
316,2024-05-13,Email,Admit including yourself moment.,Finance,Oui,admit include yourself
317,2024-11-30,Teams,Describe blue face war figure.,Ventes,Oui,describe blue face war figure
318,2024-10-28,Slack,Natural wall but which dog.,Finance,Oui,natural wall which dog
319,2024-09-22,Slack,Affect and billion dark continue modern.,IT,Oui,affect billion dark continue modern
320,2024-08-04,Email,War short far return few nice different.,Production,Oui,war short return few nice different
321,2024-04-10,Teams,National lead few air thus determine forward.,Marketing,Oui,national lead few air thus determine forward
322,2024-08-21,Teams,Tax professor yeah side.,Finance,Oui,tax professor yeah side
323,2024-03-05,Slack,Political million cover product yeah already.,Ventes,Oui,political cover product yeah
324,2025-02-01,Teams,Authority truth ability process land recognize process recent.,RH,Oui,authority truth ability process land recognize process recent
325,2024-11-05,Slack,Result shake security scene song natural series.,Ventes,Oui,result shake security scene song natural series
326,2024-11-16,Email,Public help boy inside southern war.,Production,Oui,public help boy inside southern war
327,2024-10-07,Slack,Base notice town hour federal piece hear cause.,RH,Oui,base notice town hour federal piece hear cause
328,2024-08-30,Email,Perhaps woman television little music try draw.,Ventes,Oui,perhaps woman television little music try draw
329,2025-02-11,Email,Perhaps Mrs reach enough perhaps company.,RH,Oui,perhaps mrs reach enough perhaps company
330,2024-03-06,Teams,What treat cultural style discuss we hour health.,Production,Oui,what treat cultural style discuss hour health
331,2024-12-08,Email,Lead east dark involve.,IT,Oui,lead east dark involve
332,2024-06-28,Slack,Hand image radio yourself difficult magazine activity data.,IT,Oui,hand image radio yourself difficult magazine activity datum
333,2024-08-04,Email,Reflect international material whom hotel teacher.,Production,Oui,reflect international material whom hotel teacher
334,2024-02-28,Email,Blue international heavy home hand.,RH,Oui,blue international heavy home hand
335,2024-11-26,Email,Garden generation mouth four.,IT,Oui,garden generation mouth four
336,2024-07-13,Slack,Fire identify less receive week century environmental.,Finance,Oui,fire identify less receive week century environmental
337,2024-11-09,Email,Identify month them firm.,Production,Oui,identify month firm
338,2025-01-01,Email,Identify thing stage finally recognize TV.,Marketing,Oui,identify thing stage finally recognize tv
339,2024-06-09,Slack,Certainly recently leader collection kind detail.,IT,Oui,certainly recently leader collection kind detail
340,2024-12-21,Slack,Ground foot structure industry cause for enough.,Finance,Oui,ground foot structure cause for enough
341,2024-08-05,Teams,Worry half keep civil.,IT,Oui,worry half keep civil
342,2024-08-09,Slack,Management clearly at live believe language wear.,Finance,Oui,management clearly live believe language wear
343,2024-08-16,Teams,Respond church very behavior follow beat.,Production,Oui,respond church very behavior follow beat
344,2024-05-05,Teams,Bring develop tonight scientist.,Ventes,Oui,bring develop tonight scientist
345,2024-11-27,Teams,Probably catch far series sort main perform vote.,Finance,Oui,probably catch series sort main perform vote
346,2024-07-23,Email,Huge market road value man voice.,Production,Oui,huge road value man voice
347,2024-02-18,Teams,Choice with fish rise.,Marketing,Oui,choice fish rise
348,2024-04-27,Email,Amount drop group family.,IT,Oui,amount drop group family
349,2025-01-03,Email,Station nice time natural high beat baby.,RH,Oui,station nice time natural high beat baby
350,2024-03-08,Teams,Art get Mr several already.,Ventes,Oui,art get mr several
351,2025-02-08,Email,Box another community red moment like.,Ventes,Oui,box another community red like
352,2024-10-23,Email,Fine hot guy child.,Production,Oui,fine hot guy child
353,2024-02-29,Email,Include give mean event society fire.,Marketing,Oui,give mean event society fire
354,2024-11-04,Email,Society soon reach condition on.,Production,Oui,society reach condition
355,2024-08-31,Slack,Artist yard thank face form exactly start require.,Ventes,Oui,artist yard thank face form exactly start require
356,2024-08-31,Slack,Song level tough chair administration off.,IT,Oui,song level tough chair administration off
357,2025-02-17,Email,Energy full tax relationship fill huge.,IT,Oui,energy full tax relationship fill huge
358,2024-10-06,Email,Senior his public article mention entire how.,IT,Oui,senior public article entire how
359,2024-02-23,Teams,Reflect account federal western.,Finance,Oui,reflect account federal western
360,2024-10-04,Email,What director plan I ask vote.,RH,Oui,what director plan ask vote
361,2024-12-11,Slack,Eye nothing sense event behavior policy.,Finance,Oui,eye nothing sense event behavior policy
362,2024-02-26,Teams,Him know allow leave anyone.,IT,Oui,know leave anyone
363,2024-10-04,Slack,Can cost community.,Marketing,Oui,cost community
364,2024-10-17,Slack,Up include whether owner edge.,IT,Oui,up whether owner edge
365,2024-09-20,Email,Drive data choice strong.,IT,Oui,drive datum choice strong
366,2024-11-18,Teams,Wide approach activity.,Finance,Oui,wide approach activity
367,2024-11-11,Teams,Energy land understand measure as.,RH,Oui,energy land understand measure as
368,2024-07-25,Slack,Show technology certain camera fire.,Production,Oui,show technology certain camera fire
369,2024-11-26,Slack,Health professional address term money.,IT,Oui,health professional address term money
370,2024-05-13,Email,As again yet us.,Finance,Oui,as yet
371,2024-10-25,Email,Through nearly buy edge.,Marketing,Oui,nearly buy edge
372,2024-07-24,Slack,Area agreement big walk fill.,Production,Oui,area agreement big walk fill
373,2024-10-02,Email,Pm dark front student seem travel note.,IT,Oui,pm dark front student seem travel note
374,2024-11-26,Email,Not sea role reflect possible across.,RH,Oui,not sea role reflect possible across
375,2024-10-23,Email,View entire mother.,Finance,Oui,view entire mother
376,2024-08-01,Slack,Crime card daughter out whom.,RH,Oui,crime card daughter whom
377,2024-09-18,Email,Against more value me return stock.,Finance,Oui,more value return
378,2024-05-29,Email,Similar body society bag table forget glass.,Production,Oui,similar body society bag table forget glass
379,2024-12-30,Teams,Add recent key make wall skin.,Ventes,Oui,add recent key make wall skin
380,2024-11-19,Slack,Push seem event particular.,RH,Oui,push seem event particular
381,2024-07-10,Email,Under institution production who represent professional each.,Ventes,Oui,institution production who represent professional each
382,2024-03-30,Email,Big employee somebody.,Marketing,Oui,big employee somebody
383,2025-01-05,Email,Allow ask quickly something pass respond.,IT,Oui,ask something pass respond
384,2024-08-13,Email,Where another evening hundred want.,Production,Oui,where another evening hundred want
385,2024-03-20,Slack,Trip light wide left finish billion.,Ventes,Oui,trip light wide left finish billion
386,2024-11-28,Teams,Ever spend ability dream scientist during.,IT,Oui,ever spend ability dream scientist during
387,2024-02-19,Slack,Friend religious a continue half camera ground if.,Ventes,Oui,friend religious continue half camera ground
388,2025-01-20,Teams,Issue method start.,Marketing,Oui,issue method start
389,2025-01-13,Teams,Blue right somebody.,RH,Oui,blue right somebody
390,2025-01-23,Email,Reflect treatment Democrat believe.,Finance,Oui,reflect treatment democrat believe
391,2024-04-12,Email,Second treat into in appear Democrat when.,IT,Oui,treat appear democrat when
392,2024-06-26,Teams,Indeed low none a character.,IT,Oui,indeed low none character
393,2024-04-04,Teams,Many third eight imagine.,Production,Oui,many third eight imagine
394,2024-02-24,Slack,Must suffer bit event unit bill.,Marketing,Oui,suffer bit event unit bill
395,2025-02-07,Slack,Culture large task cold.,RH,Oui,culture large task cold
396,2024-05-06,Slack,Very arrive theory however everybody.,Marketing,Oui,very arrive theory however everybody
397,2024-12-31,Email,Performance add charge stage because.,Finance,Oui,performance add charge stage
398,2024-10-29,Email,Moment check nor deal next.,Production,Oui,check nor deal next
399,2024-04-06,Slack,Mrs star street born.,Ventes,Oui,mrs star street bear
400,2024-09-16,Slack,Service subject challenge star.,Finance,Oui,service subject challenge star
401,2024-06-11,Email,Mention investment join you claim pick.,Production,Oui,investment join claim pick
402,2025-02-09,Slack,Great reflect product network mean authority.,Ventes,Oui,great reflect product network mean authority
403,2024-09-29,Slack,Idea year else live unit policy.,Ventes,Oui,idea year else live unit policy
404,2024-08-05,Teams,Strategy miss six American eye.,Ventes,Oui,strategy miss six american eye
405,2024-05-04,Teams,Range four mention report.,Ventes,Oui,range four report
406,2024-07-26,Slack,Even whether machine ago same.,IT,Oui,even whether machine ago same
407,2024-08-10,Teams,Matter believe item general trouble.,RH,Oui,matter believe item trouble
408,2024-10-09,Teams,Partner sing detail us consider idea.,Ventes,Oui,partner sing detail consider idea
409,2025-01-10,Slack,Claim official western likely true recent operation.,RH,Oui,claim official western likely true recent operation
410,2024-07-24,Email,Produce coach station animal late.,IT,Oui,produce coach station animal late
411,2024-10-06,Slack,Leave recently Republican strong hear while prove example.,IT,Oui,leave recently republican strong hear while prove example
412,2024-10-21,Email,Theory look toward know.,Marketing,Oui,theory look toward know
413,2024-02-21,Email,System television condition owner budget upon whatever.,Ventes,Oui,system television condition owner budget upon whatever
414,2024-02-27,Teams,Eat between yes each according standard some early.,Marketing,Oui,eat yes each accord standard some early
415,2024-09-08,Teams,Radio industry next ready yes successful husband him.,Ventes,Oui,radio next ready yes successful husband
416,2024-08-12,Email,Conference cut couple thank major.,Production,Oui,conference cut couple thank major
417,2024-03-28,Email,Still want leader.,Ventes,Oui,still want leader
418,2024-11-16,Slack,Pattern important organization time.,RH,Oui,pattern important organization time
419,2024-10-01,Teams,Charge treatment style lawyer must.,RH,Oui,charge treatment style lawyer
420,2025-02-15,Email,To work risk mean.,Ventes,Oui,to work risk mean
421,2025-01-20,Teams,Away themselves billion court religious.,Ventes,Oui,away themselves billion court religious
422,2024-06-02,Email,Certain board least democratic.,Finance,Oui,certain board least democratic
423,2024-12-10,Teams,Save turn half if.,Ventes,Oui,save turn half
424,2025-01-28,Slack,Allow involve perform task western.,Finance,Oui,involve perform task western
425,2024-08-02,Email,Page themselves animal occur really issue show.,IT,Oui,page themselves animal occur really issue show
426,2024-05-22,Email,Myself test about.,RH,Oui,myself test
427,2024-10-12,Email,So traditional realize kitchen town technology.,IT,Oui,traditional realize kitchen town technology
428,2025-01-13,Teams,Some listen official entire dinner under.,RH,Oui,some listen official entire dinner
429,2024-06-10,Email,Crime character black.,Production,Oui,crime character black
430,2025-01-27,Teams,Include generation sort appear growth general myself.,Marketing,Oui,generation sort appear growth myself
431,2025-01-30,Slack,Bill voice would activity area drop face.,Production,Oui,bill voice activity area drop face
432,2024-12-01,Email,Will yet appear whether yet its.,Finance,Oui,yet appear whether yet its
433,2024-12-13,Slack,Bring she good table inside everything game.,IT,Oui,bring good table inside everything game
434,2024-09-13,Email,Simply film particular off past other Republican.,IT,Oui,simply film particular off past other republican
435,2024-08-03,Email,Claim democratic individual happy watch.,Marketing,Oui,claim democratic individual happy watch
436,2024-07-22,Teams,While common team important professional audience.,Production,Oui,while common team important professional audience
437,2024-06-22,Teams,Single loss night.,Production,Oui,single loss night
438,2024-12-24,Slack,Million break move season main.,Marketing,Oui,break move season main
439,2024-03-08,Teams,Movie successful either plant.,Production,Oui,movie successful either plant
440,2024-03-05,Email,Run single smile certain investment face war necessary.,IT,Oui,run single smile certain investment face war necessary
441,2025-02-08,Email,Property six thousand make push.,Ventes,Oui,property six thousand make push
442,2024-08-09,Email,Third attention teach organization manage.,Production,Oui,third attention teach organization manage
443,2024-04-12,Slack,Fish keep religious long senior pass.,Finance,Oui,fish keep religious long senior pass
444,2024-10-07,Slack,Family would some.,Finance,Oui,family some
445,2024-11-06,Email,Wall training far last assume human discussion.,Marketing,Oui,wall training last assume human discussion
446,2024-07-07,Teams,Section investment glass partner analysis.,Marketing,Oui,section investment glass partner analysis
447,2024-11-10,Teams,Resource agency throughout network form yet.,Marketing,Oui,resource agency throughout network form yet
448,2024-03-09,Teams,President eye claim coach walk data.,Ventes,Oui,president eye claim coach walk datum
449,2024-10-23,Slack,Sell bad side quite quickly call.,Finance,Oui,sell bad side quite call
450,2024-06-28,Email,Consider spring ago step quickly mention.,RH,Oui,consider spring ago step
451,2024-08-20,Slack,Budget sometimes nearly according decade.,IT,Oui,budget sometimes nearly accord decade
452,2024-07-21,Slack,Computer small suffer data.,Ventes,Oui,computer small suffer datum
453,2024-03-16,Email,Trade see three recent affect raise.,Marketing,Oui,trade see three recent affect raise
454,2024-12-20,Slack,What fight enter majority.,IT,Oui,what fight enter majority
455,2024-10-19,Slack,Rest single administration economic will might message.,Finance,Oui,r single administration economic message
456,2024-04-12,Slack,Across meeting address skin she.,Ventes,Oui,across meet address skin
457,2024-09-13,Email,Part create a along argue.,Finance,Oui,part create along argue
458,2024-11-23,Teams,Relate tree stock add that relationship bank history.,Finance,Oui,relate tree add relationship bank history
459,2024-05-17,Email,However minute such listen hundred around soon.,RH,Oui,however minute such listen hundred around
460,2024-08-11,Email,Myself southern nor among.,Ventes,Oui,myself southern nor among
461,2024-08-08,Teams,Fall project discover training cut first.,Finance,Oui,fall project discover training cut first
462,2024-10-15,Slack,Yard rather few few not should.,Marketing,Oui,yard rather few few not
463,2025-02-03,Teams,Movement return political them issue.,IT,Oui,movement return political issue
464,2024-03-10,Slack,Make citizen society present quite animal beyond.,Ventes,Oui,make citizen society present quite animal beyond
465,2024-05-30,Slack,Which really body new would tree everything change.,Production,Oui,which really body new tree everything change
466,2025-02-17,Teams,Allow note need easy information continue fill.,Ventes,Oui,note need easy information continue fill
467,2024-06-22,Email,Tend hundred establish.,Production,Oui,tend hundred establish
468,2025-01-23,Email,Break dog agreement check foreign real sure.,Marketing,Oui,break dog agreement check foreign real sure
469,2024-03-21,Teams,Fine with ever interest resource.,Production,Oui,fine ever interest resource
470,2024-03-13,Email,Here rate spring discuss someone.,Marketing,Oui,here rate spring discuss someone
471,2024-11-16,Email,Somebody candidate forget.,Marketing,Oui,somebody candidate forget
472,2024-06-26,Email,Join poor already ready into media.,Marketing,Oui,join poor ready medium
473,2024-12-04,Email,Education movement million local.,Production,Oui,movement local
474,2024-06-04,Email,Decade truth strategy especially black.,IT,Oui,decade truth strategy especially black
475,2024-06-19,Email,Almost allow window lay town quite.,Ventes,Oui,almost window lay town quite
476,2024-09-14,Slack,As it own day firm.,Marketing,Oui,as own day firm
477,2024-08-24,Slack,Gun parent cause personal.,Production,Oui,gun cause personal
478,2024-04-12,Slack,Share environment avoid phone space.,Ventes,Oui,share environment avoid phone space
479,2024-05-17,Slack,Either method thing doctor it many.,Marketing,Oui,either method thing doctor many
480,2024-12-11,Teams,Assume member down five.,IT,Oui,assume member down five
481,2024-08-19,Slack,Consumer person chance realize what interesting do.,Marketing,Oui,consumer person chance realize what interesting do
482,2024-09-17,Teams,Include decide include company story able.,IT,Oui,decide company story able
483,2024-04-27,Slack,Business around southern just his entire care.,Finance,Oui,business around southern entire care
484,2024-09-14,Email,Lot fire maybe try technology fly.,Marketing,Oui,lot fire maybe try technology fly
485,2025-01-30,Email,Near control prevent interesting.,Marketing,Oui,near control prevent interesting
486,2024-12-28,Email,Increase matter painting produce.,IT,Oui,increase matter painting produce
487,2025-01-18,Email,Your wonder great when.,Finance,Oui,wonder great when
488,2024-03-10,Teams,Really road morning.,RH,Oui,really road morning
489,2024-06-30,Teams,Growth action area population discuss rock.,Production,Oui,growth action area population discuss rock
490,2024-10-23,Email,Among couple attack once avoid nation.,IT,Oui,among couple attack avoid
491,2024-05-25,Email,Wrong walk TV.,Production,Oui,wrong walk tv
492,2024-12-24,Teams,Play present arrive include.,Finance,Oui,play present arrive
493,2024-06-14,Email,Fund already one price good different.,RH,Oui,fund one price good different
494,2025-01-06,Slack,Operation subject she.,Finance,Oui,operation subject
495,2024-10-20,Teams,Democratic art national night sea center radio.,Ventes,Oui,democratic art national night sea center radio
496,2024-10-10,Slack,Minute budget quickly then technology teacher industry onto.,RH,Oui,minute budget technology teacher onto
497,2024-06-21,Email,Door watch return carry now.,Finance,Oui,door watch return carry now
498,2024-09-23,Slack,List design training marriage world nothing opportunity.,Production,Oui,list design training marriage world nothing opportunity
499,2024-07-30,Teams,Pull another throw we behavior across break.,RH,Oui,pull another throw behavior across break
500,2024-03-06,Email,Wonder ground along true five charge.,Ventes,Oui,wonder ground along true five charge
